,cartera_contactada,bajas_capturadas
0,0.00049,0.00308
1,0.00099,0.00615
2,0.00148,0.00923
3,0.00197,0.01231
4,0.00247,0.01538
5,0.00296,0.01846
6,0.00346,0.02154
7,0.00395,0.02462
8,0.00444,0.02769
9,0.00494,0.03077
10,0.00543,0.03385
11,0.00592,0.03692
12,0.00642,0.04
13,0.00691,0.04308
14,0.0074,0.04615
15,0.0079,0.04923
16,0.00839,0.05231
17,0.00888,0.05538
18,0.00938,0.05846
19,0.00987,0.06154
20,0.01037,0.06462
21,0.01086,0.06769
22,0.01135,0.07077
23,0.01185,0.07385
24,0.01234,0.07692
25,0.01283,0.08
26,0.01333,0.08308
27,0.01382,0.08615
28,0.01431,0.08923
29,0.01481,0.09231
30,0.0153,0.09538
31,0.01579,0.09846
32,0.01629,0.10154
33,0.01678,0.10462
34,0.01728,0.10769
35,0.01777,0.11077
36,0.01826,0.11385
37,0.01876,0.11692
38,0.01925,0.12
39,0.01974,0.12308
40,0.02024,0.12615
41,0.02073,0.12923
42,0.02122,0.13231
43,0.02172,0.13538
44,0.02221,0.13846
45,0.0227,0.14154
46,0.0232,0.14462
47,0.02369,0.14769
48,0.02419,0.15077
49,0.02468,0.15385
50,0.02517,0.15692
51,0.02567,0.16
52,0.02616,0.16308
53,0.02665,0.16615
54,0.02715,0.16923
55,0.02764,0.17231
56,0.02813,0.17538
57,0.02863,0.17846
58,0.02912,0.18154
59,0.02962,0.18462
60,0.03011,0.18769
61,0.0306,0.19077
62,0.0311,0.19385
63,0.03159,0.19692
64,0.03208,0.2
65,0.03258,0.20308
66,0.03307,0.20615
67,0.03356,0.20923
68,0.03406,0.21231
69,0.03455,0.21538
70,0.03504,0.21846
71,0.03554,0.22154
72,0.03603,0.22462
73,0.03653,0.22769
74,0.03702,0.23077
75,0.03751,0.23385
76,0.03801,0.23692
77,0.0385,0.24
78,0.03899,0.24308
79,0.03949,0.24615
80,0.03998,0.24923
81,0.04047,0.25231
82,0.04097,0.25538
83,0.04146,0.25846
84,0.04195,0.26154
85,0.04245,0.26462
86,0.04294,0.26769
87,0.04344,0.27077
88,0.04393,0.27385
89,0.04442,0.27692
90,0.04492,0.28
91,0.04541,0.28308
92,0.0459,0.28615
93,0.0464,0.28923
94,0.04689,0.29231
95,0.04738,0.29538
96,0.04788,0.29846
97,0.04837,0.30154
98,0.04886,0.30462
99,0.04936,0.30769
100,0.04985,0.31077
101,0.05035,0.31385
102,0.05084,0.31692
103,0.05133,0.32
104,0.05183,0.32308
105,0.05232,0.32615
106,0.05281,0.32923
107,0.05331,0.33231
108,0.0538,0.33538
109,0.05429,0.33846
110,0.05479,0.34154
111,0.05528,0.34462
112,0.05577,0.34769
113,0.05627,0.35077
114,0.05676,0.35077
115,0.05726,0.35385
116,0.05775,0.35692
117,0.05824,0.36
118,0.05874,0.36308
119,0.05923,0.36615
120,0.05972,0.36923
121,0.06022,0.37231
122,0.06071,0.37538
123,0.0612,0.37846
124,0.0617,0.38154
125,0.06219,0.38462
126,0.06269,0.38769
127,0.06318,0.39077
128,0.06367,0.39385
129,0.06417,0.39692
130,0.06466,0.4
131,0.06515,0.40308
132,0.06565,0.40615
133,0.06614,0.40923
134,0.06663,0.41231
135,0.06713,0.41538
136,0.06762,0.41846
137,0.06811,0.42154
138,0.06861,0.42462
139,0.0691,0.42769
140,0.0696,0.43077
141,0.07009,0.43385
142,0.07058,0.43692
143,0.07108,0.44
144,0.07157,0.44308
145,0.07206,0.44615
146,0.07256,0.44923
147,0.07305,0.45231
148,0.07354,0.45538
149,0.07404,0.45846
150,0.07453,0.46154
151,0.07502,0.46462
152,0.07552,0.46769
153,0.07601,0.47077
154,0.07651,0.47385
155,0.077,0.47692
156,0.07749,0.48
157,0.07799,0.48308
158,0.07848,0.48615
159,0.07897,0.48923
160,0.07947,0.49231
161,0.07996,0.49538
162,0.08045,0.49846
163,0.08095,0.50154
164,0.08144,0.50462
165,0.08193,0.50769
166,0.08243,0.51077
167,0.08292,0.51385
168,0.08342,0.51692
169,0.08391,0.51692
170,0.0844,0.52
171,0.0849,0.52308
172,0.08539,0.52615
173,0.08588,0.52923
174,0.08638,0.53231
175,0.08687,0.53538
176,0.08736,0.53846
177,0.08786,0.54154
178,0.08835,0.54462
179,0.08885,0.54769
180,0.08934,0.55077
181,0.08983,0.55385
182,0.09033,0.55692
183,0.09082,0.56
184,0.09131,0.56308
185,0.09181,0.56615
186,0.0923,0.56923
187,0.09279,0.57231
188,0.09329,0.57538
189,0.09378,0.57846
190,0.09427,0.58154
191,0.09477,0.58462
192,0.09526,0.58769
193,0.09576,0.59077
194,0.09625,0.59385
195,0.09674,0.59692
196,0.09724,0.6
197,0.09773,0.60308
198,0.09822,0.60615
199,0.09872,0.60923
200,0.09921,0.61231
201,0.0997,0.61538
202,0.1002,0.61846
203,0.10069,0.62154
204,0.10118,0.62462
205,0.10168,0.62769
206,0.10217,0.63077
207,0.10267,0.63385
208,0.10316,0.63692
209,0.10365,0.64
210,0.10415,0.64308
211,0.10464,0.64615
212,0.10513,0.64923
213,0.10563,0.65231
214,0.10612,0.65538
215,0.10661,0.65846
216,0.10711,0.66154
217,0.1076,0.66462
218,0.10809,0.66769
219,0.10859,0.67077
220,0.10908,0.67385
221,0.10958,0.67692
222,0.11007,0.68
223,0.11056,0.68308
224,0.11106,0.68615
225,0.11155,0.68615
226,0.11204,0.68923
227,0.11254,0.69231
228,0.11303,0.69231
229,0.11352,0.69538
230,0.11402,0.69846
231,0.11451,0.70154
232,0.115,0.70462
233,0.1155,0.70769
234,0.11599,0.71077
235,0.11649,0.71385
236,0.11698,0.71692
237,0.11747,0.72
238,0.11797,0.72308
239,0.11846,0.72615
240,0.11895,0.72923
241,0.11945,0.73231
242,0.11994,0.73538
243,0.12043,0.73846
244,0.12093,0.74154
245,0.12142,0.74462
246,0.12192,0.74769
247,0.12241,0.75077
248,0.1229,0.75385
249,0.1234,0.75692
250,0.12389,0.76
251,0.12438,0.76308
252,0.12488,0.76308
253,0.12537,0.76615
254,0.12586,0.76923
255,0.12636,0.77231
256,0.12685,0.77538
257,0.12734,0.77846
258,0.12784,0.78154
259,0.12833,0.78462
260,0.12883,0.78769
261,0.12932,0.79077
262,0.12981,0.79385
263,0.13031,0.79692
264,0.1308,0.8
265,0.13129,0.8
266,0.13179,0.8
267,0.13228,0.80308
268,0.13277,0.80615
269,0.13327,0.80923
270,0.13376,0.81231
271,0.13425,0.81538
272,0.13475,0.81846
273,0.13524,0.82154
274,0.13574,0.82462
275,0.13623,0.82769
276,0.13672,0.83077
277,0.13722,0.83385
278,0.13771,0.83692
279,0.1382,0.83692
280,0.1387,0.84
281,0.13919,0.84
282,0.13968,0.84308
283,0.14018,0.84308
284,0.14067,0.84615
285,0.14116,0.84923
286,0.14166,0.85231
287,0.14215,0.85538
288,0.14265,0.85538
289,0.14314,0.85846
290,0.14363,0.86154
291,0.14413,0.86154
292,0.14462,0.86154
293,0.14511,0.86462
294,0.14561,0.86462
295,0.1461,0.86462
296,0.14659,0.86462
297,0.14709,0.86462
298,0.14758,0.86769
299,0.14808,0.87077
300,0.14857,0.87385
301,0.14906,0.87692
302,0.14956,0.88
303,0.15005,0.88
304,0.15054,0.88
305,0.15104,0.88308
306,0.15153,0.88308
307,0.15202,0.88308
308,0.15252,0.88308
309,0.15301,0.88615
310,0.1535,0.88615
311,0.154,0.88615
312,0.15449,0.88615
313,0.15499,0.88615
314,0.15548,0.88923
315,0.15597,0.89231
316,0.15647,0.89538
317,0.15696,0.89538
318,0.15745,0.89538
319,0.15795,0.89846
320,0.15844,0.90154
321,0.15893,0.90462
322,0.15943,0.90462
323,0.15992,0.90462
324,0.16041,0.90462
325,0.16091,0.90462
326,0.1614,0.90462
327,0.1619,0.90462
328,0.16239,0.90462
329,0.16288,0.90462
330,0.16338,0.90462
331,0.16387,0.90769
332,0.16436,0.91077
333,0.16486,0.91077
334,0.16535,0.91077
335,0.16584,0.91385
336,0.16634,0.91385
337,0.16683,0.91385
338,0.16732,0.91385
339,0.16782,0.91385
340,0.16831,0.91385
341,0.16881,0.91385
342,0.1693,0.91385
343,0.16979,0.91385
344,0.17029,0.91385
345,0.17078,0.91385
346,0.17127,0.91385
347,0.17177,0.91385
348,0.17226,0.91692
349,0.17275,0.92
350,0.17325,0.92
351,0.17374,0.92
352,0.17423,0.92
353,0.17473,0.92
354,0.17522,0.92308
355,0.17572,0.92308
356,0.17621,0.92615
357,0.1767,0.92615
358,0.1772,0.92615
359,0.17769,0.92615
360,0.17818,0.92615
361,0.17868,0.92615
362,0.17917,0.92923
363,0.17966,0.92923
364,0.18016,0.92923
365,0.18065,0.93231
366,0.18115,0.93231
367,0.18164,0.93231
368,0.18213,0.93231
369,0.18263,0.93231
370,0.18312,0.93538
371,0.18361,0.93538
372,0.18411,0.93538
373,0.1846,0.93538
374,0.18509,0.93538
375,0.18559,0.93538
376,0.18608,0.93538
377,0.18657,0.93538
378,0.18707,0.93538
379,0.18756,0.93538
380,0.18806,0.93538
381,0.18855,0.93538
382,0.18904,0.93538
383,0.18954,0.93538
384,0.19003,0.93538
385,0.19052,0.93846
386,0.19102,0.93846
387,0.19151,0.94154
388,0.192,0.94154
389,0.1925,0.94154
390,0.19299,0.94154
391,0.19348,0.94462
392,0.19398,0.94462
393,0.19447,0.94462
394,0.19497,0.94462
395,0.19546,0.94769
396,0.19595,0.94769
397,0.19645,0.94769
398,0.19694,0.94769
399,0.19743,0.94769
400,0.19793,0.94769
401,0.19842,0.94769
402,0.19891,0.95077
403,0.19941,0.95385
404,0.1999,0.95385
405,0.20039,0.95385
406,0.20089,0.95385
407,0.20138,0.95385
408,0.20188,0.95385
409,0.20237,0.95385
410,0.20286,0.95385
411,0.20336,0.95385
412,0.20385,0.95385
413,0.20434,0.95385
414,0.20484,0.95385
415,0.20533,0.95385
416,0.20582,0.95385
417,0.20632,0.95385
418,0.20681,0.95692
419,0.20731,0.95692
420,0.2078,0.95692
421,0.20829,0.95692
422,0.20879,0.95692
423,0.20928,0.95692
424,0.20977,0.95692
425,0.21027,0.95692
426,0.21076,0.96
427,0.21125,0.96
428,0.21175,0.96
429,0.21224,0.96
430,0.21273,0.96
431,0.21323,0.96
432,0.21372,0.96
433,0.21422,0.96
434,0.21471,0.96
435,0.2152,0.96
436,0.2157,0.96308
437,0.21619,0.96308
438,0.21668,0.96308
439,0.21718,0.96308
440,0.21767,0.96308
441,0.21816,0.96615
442,0.21866,0.96615
443,0.21915,0.96615
444,0.21964,0.96615
445,0.22014,0.96615
446,0.22063,0.96615
447,0.22113,0.96615
448,0.22162,0.96615
449,0.22211,0.96615
450,0.22261,0.96923
451,0.2231,0.96923
452,0.22359,0.96923
453,0.22409,0.96923
454,0.22458,0.96923
455,0.22507,0.96923
456,0.22557,0.96923
457,0.22606,0.97231
458,0.22655,0.97231
459,0.22705,0.97231
460,0.22754,0.97231
461,0.22804,0.97231
462,0.22853,0.97231
463,0.22902,0.97231
464,0.22952,0.97231
465,0.23001,0.97538
466,0.2305,0.97538
467,0.231,0.97538
468,0.23149,0.97538
469,0.23198,0.97538
470,0.23248,0.97538
471,0.23297,0.97538
472,0.23346,0.97538
473,0.23396,0.97538
474,0.23445,0.97538
475,0.23495,0.97538
476,0.23544,0.97538
477,0.23593,0.97538
478,0.23643,0.97538
479,0.23692,0.97538
480,0.23741,0.97538
481,0.23791,0.97538
482,0.2384,0.97538
483,0.23889,0.97538
484,0.23939,0.97846
485,0.23988,0.97846
486,0.24038,0.97846
487,0.24087,0.98154
488,0.24136,0.98154
489,0.24186,0.98154
490,0.24235,0.98154
491,0.24284,0.98154
492,0.24334,0.98154
493,0.24383,0.98154
494,0.24432,0.98154
495,0.24482,0.98154
496,0.24531,0.98154
497,0.2458,0.98154
498,0.2463,0.98154
499,0.24679,0.98154
500,0.24729,0.98154
501,0.24778,0.98462
502,0.24827,0.98462
503,0.24877,0.98462
504,0.24926,0.98462
505,0.24975,0.98462
506,0.25025,0.98462
507,0.25074,0.98462
508,0.25123,0.98462
509,0.25173,0.98462
510,0.25222,0.98462
511,0.25271,0.98462
512,0.25321,0.98462
513,0.2537,0.98462
514,0.2542,0.98462
515,0.25469,0.98462
516,0.25518,0.98462
517,0.25568,0.98462
518,0.25617,0.98462
519,0.25666,0.98462
520,0.25716,0.98462
521,0.25765,0.98462
522,0.25814,0.98462
523,0.25864,0.98462
524,0.25913,0.98462
525,0.25962,0.98462
526,0.26012,0.98462
527,0.26061,0.98462
528,0.26111,0.98462
529,0.2616,0.98462
530,0.26209,0.98462
531,0.26259,0.98462
532,0.26308,0.98462
533,0.26357,0.98462
534,0.26407,0.98769
535,0.26456,0.98769
536,0.26505,0.98769
537,0.26555,0.98769
538,0.26604,0.98769
539,0.26654,0.98769
540,0.26703,0.98769
541,0.26752,0.98769
542,0.26802,0.98769
543,0.26851,0.98769
544,0.269,0.98769
545,0.2695,0.98769
546,0.26999,0.98769
547,0.27048,0.99077
548,0.27098,0.99077
549,0.27147,0.99077
550,0.27196,0.99077
551,0.27246,0.99077
552,0.27295,0.99077
553,0.27345,0.99077
554,0.27394,0.99077
555,0.27443,0.99077
556,0.27493,0.99077
557,0.27542,0.99077
558,0.27591,0.99077
559,0.27641,0.99077
560,0.2769,0.99077
561,0.27739,0.99077
562,0.27789,0.99077
563,0.27838,0.99077
564,0.27887,0.99077
565,0.27937,0.99077
566,0.27986,0.99077
567,0.28036,0.99077
568,0.28085,0.99077
569,0.28134,0.99077
570,0.28184,0.99077
571,0.28233,0.99077
572,0.28282,0.99077
573,0.28332,0.99077
574,0.28381,0.99077
575,0.2843,0.99077
576,0.2848,0.99077
577,0.28529,0.99077
578,0.28578,0.99077
579,0.28628,0.99385
580,0.28677,0.99385
581,0.28727,0.99385
582,0.28776,0.99385
583,0.28825,0.99385
584,0.28875,0.99385
585,0.28924,0.99385
586,0.28973,0.99385
587,0.29023,0.99385
588,0.29072,0.99385
589,0.29121,0.99385
590,0.29171,0.99385
591,0.2922,0.99385
592,0.29269,0.99692
593,0.29319,0.99692
594,0.29368,0.99692
595,0.29418,0.99692
596,0.29467,0.99692
597,0.29516,0.99692
598,0.29566,0.99692
599,0.29615,0.99692
600,0.29664,0.99692
601,0.29714,0.99692
602,0.29763,0.99692
603,0.29812,0.99692
604,0.29862,0.99692
605,0.29911,0.99692
606,0.29961,0.99692
607,0.3001,0.99692
608,0.30059,0.99692
609,0.30109,0.99692
610,0.30158,0.99692
611,0.30207,0.99692
612,0.30257,0.99692
613,0.30306,0.99692
614,0.30355,0.99692
615,0.30405,0.99692
616,0.30454,0.99692
617,0.30503,0.99692
618,0.30553,0.99692
619,0.30602,0.99692
620,0.30652,0.99692
621,0.30701,0.99692
622,0.3075,0.99692
623,0.308,0.99692
624,0.30849,0.99692
625,0.30898,0.99692
626,0.30948,0.99692
627,0.30997,0.99692
628,0.31046,0.99692
629,0.31096,0.99692
630,0.31145,0.99692
631,0.31194,0.99692
632,0.31244,0.99692
633,0.31293,0.99692
634,0.31343,0.99692
635,0.31392,0.99692
636,0.31441,0.99692
637,0.31491,0.99692
638,0.3154,0.99692
639,0.31589,0.99692
640,0.31639,0.99692
641,0.31688,0.99692
642,0.31737,0.99692
643,0.31787,0.99692
644,0.31836,0.99692
645,0.31885,0.99692
646,0.31935,0.99692
647,0.31984,0.99692
648,0.32034,0.99692
649,0.32083,1.0
650,0.32132,1.0
651,0.32182,1.0
652,0.32231,1.0
653,0.3228,1.0
654,0.3233,1.0
655,0.32379,1.0
656,0.32428,1.0
657,0.32478,1.0
658,0.32527,1.0
659,0.32577,1.0
660,0.32626,1.0
661,0.32675,1.0
662,0.32725,1.0
663,0.32774,1.0
664,0.32823,1.0
665,0.32873,1.0
666,0.32922,1.0
667,0.32971,1.0
668,0.33021,1.0
669,0.3307,1.0
670,0.33119,1.0
671,0.33169,1.0
672,0.33218,1.0
673,0.33268,1.0
674,0.33317,1.0
675,0.33366,1.0
676,0.33416,1.0
677,0.33465,1.0
678,0.33514,1.0
679,0.33564,1.0
680,0.33613,1.0
681,0.33662,1.0
682,0.33712,1.0
683,0.33761,1.0
684,0.3381,1.0
685,0.3386,1.0
686,0.33909,1.0
687,0.33959,1.0
688,0.34008,1.0
689,0.34057,1.0
690,0.34107,1.0
691,0.34156,1.0
692,0.34205,1.0
693,0.34255,1.0
694,0.34304,1.0
695,0.34353,1.0
696,0.34403,1.0
697,0.34452,1.0
698,0.34501,1.0
699,0.34551,1.0
700,0.346,1.0
701,0.3465,1.0
702,0.34699,1.0
703,0.34748,1.0
704,0.34798,1.0
705,0.34847,1.0
706,0.34896,1.0
707,0.34946,1.0
708,0.34995,1.0
709,0.35044,1.0
710,0.35094,1.0
711,0.35143,1.0
712,0.35192,1.0
713,0.35242,1.0
714,0.35291,1.0
715,0.35341,1.0
716,0.3539,1.0
717,0.35439,1.0
718,0.35489,1.0
719,0.35538,1.0
720,0.35587,1.0
721,0.35637,1.0
722,0.35686,1.0
723,0.35735,1.0
724,0.35785,1.0
725,0.35834,1.0
726,0.35884,1.0
727,0.35933,1.0
728,0.35982,1.0
729,0.36032,1.0
730,0.36081,1.0
731,0.3613,1.0
732,0.3618,1.0
733,0.36229,1.0
734,0.36278,1.0
735,0.36328,1.0
736,0.36377,1.0
737,0.36426,1.0
738,0.36476,1.0
739,0.36525,1.0
740,0.36575,1.0
741,0.36624,1.0
742,0.36673,1.0
743,0.36723,1.0
744,0.36772,1.0
745,0.36821,1.0
746,0.36871,1.0
747,0.3692,1.0
748,0.36969,1.0
749,0.37019,1.0
750,0.37068,1.0
751,0.37117,1.0
752,0.37167,1.0
753,0.37216,1.0
754,0.37266,1.0
755,0.37315,1.0
756,0.37364,1.0
757,0.37414,1.0
758,0.37463,1.0
759,0.37512,1.0
760,0.37562,1.0
761,0.37611,1.0
762,0.3766,1.0
763,0.3771,1.0
764,0.37759,1.0
765,0.37808,1.0
766,0.37858,1.0
767,0.37907,1.0
768,0.37957,1.0
769,0.38006,1.0
770,0.38055,1.0
771,0.38105,1.0
772,0.38154,1.0
773,0.38203,1.0
774,0.38253,1.0
775,0.38302,1.0
776,0.38351,1.0
777,0.38401,1.0
778,0.3845,1.0
779,0.385,1.0
780,0.38549,1.0
781,0.38598,1.0
782,0.38648,1.0
783,0.38697,1.0
784,0.38746,1.0
785,0.38796,1.0
786,0.38845,1.0
787,0.38894,1.0
788,0.38944,1.0
789,0.38993,1.0
790,0.39042,1.0
791,0.39092,1.0
792,0.39141,1.0
793,0.39191,1.0
794,0.3924,1.0
795,0.39289,1.0
796,0.39339,1.0
797,0.39388,1.0
798,0.39437,1.0
799,0.39487,1.0
800,0.39536,1.0
801,0.39585,1.0
802,0.39635,1.0
803,0.39684,1.0
804,0.39733,1.0
805,0.39783,1.0
806,0.39832,1.0
807,0.39882,1.0
808,0.39931,1.0
809,0.3998,1.0
810,0.4003,1.0
811,0.40079,1.0
812,0.40128,1.0
813,0.40178,1.0
814,0.40227,1.0
815,0.40276,1.0
816,0.40326,1.0
817,0.40375,1.0
818,0.40424,1.0
819,0.40474,1.0
820,0.40523,1.0
821,0.40573,1.0
822,0.40622,1.0
823,0.40671,1.0
824,0.40721,1.0
825,0.4077,1.0
826,0.40819,1.0
827,0.40869,1.0
828,0.40918,1.0
829,0.40967,1.0
830,0.41017,1.0
831,0.41066,1.0
832,0.41115,1.0
833,0.41165,1.0
834,0.41214,1.0
835,0.41264,1.0
836,0.41313,1.0
837,0.41362,1.0
838,0.41412,1.0
839,0.41461,1.0
840,0.4151,1.0
841,0.4156,1.0
842,0.41609,1.0
843,0.41658,1.0
844,0.41708,1.0
845,0.41757,1.0
846,0.41807,1.0
847,0.41856,1.0
848,0.41905,1.0
849,0.41955,1.0
850,0.42004,1.0
851,0.42053,1.0
852,0.42103,1.0
853,0.42152,1.0
854,0.42201,1.0
855,0.42251,1.0
856,0.423,1.0
857,0.42349,1.0
858,0.42399,1.0
859,0.42448,1.0
860,0.42498,1.0
861,0.42547,1.0
862,0.42596,1.0
863,0.42646,1.0
864,0.42695,1.0
865,0.42744,1.0
866,0.42794,1.0
867,0.42843,1.0
868,0.42892,1.0
869,0.42942,1.0
870,0.42991,1.0
871,0.4304,1.0
872,0.4309,1.0
873,0.43139,1.0
874,0.43189,1.0
875,0.43238,1.0
876,0.43287,1.0
877,0.43337,1.0
878,0.43386,1.0
879,0.43435,1.0
880,0.43485,1.0
881,0.43534,1.0
882,0.43583,1.0
883,0.43633,1.0
884,0.43682,1.0
885,0.43731,1.0
886,0.43781,1.0
887,0.4383,1.0
888,0.4388,1.0
889,0.43929,1.0
890,0.43978,1.0
891,0.44028,1.0
892,0.44077,1.0
893,0.44126,1.0
894,0.44176,1.0
895,0.44225,1.0
896,0.44274,1.0
897,0.44324,1.0
898,0.44373,1.0
899,0.44423,1.0
900,0.44472,1.0
901,0.44521,1.0
902,0.44571,1.0
903,0.4462,1.0
904,0.44669,1.0
905,0.44719,1.0
906,0.44768,1.0
907,0.44817,1.0
908,0.44867,1.0
909,0.44916,1.0
910,0.44965,1.0
911,0.45015,1.0
912,0.45064,1.0
913,0.45114,1.0
914,0.45163,1.0
915,0.45212,1.0
916,0.45262,1.0
917,0.45311,1.0
918,0.4536,1.0
919,0.4541,1.0
920,0.45459,1.0
921,0.45508,1.0
922,0.45558,1.0
923,0.45607,1.0
924,0.45656,1.0
925,0.45706,1.0
926,0.45755,1.0
927,0.45805,1.0
928,0.45854,1.0
929,0.45903,1.0
930,0.45953,1.0
931,0.46002,1.0
932,0.46051,1.0
933,0.46101,1.0
934,0.4615,1.0
935,0.46199,1.0
936,0.46249,1.0
937,0.46298,1.0
938,0.46347,1.0
939,0.46397,1.0
940,0.46446,1.0
941,0.46496,1.0
942,0.46545,1.0
943,0.46594,1.0
944,0.46644,1.0
945,0.46693,1.0
946,0.46742,1.0
947,0.46792,1.0
948,0.46841,1.0
949,0.4689,1.0
950,0.4694,1.0
951,0.46989,1.0
952,0.47038,1.0
953,0.47088,1.0
954,0.47137,1.0
955,0.47187,1.0
956,0.47236,1.0
957,0.47285,1.0
958,0.47335,1.0
959,0.47384,1.0
960,0.47433,1.0
961,0.47483,1.0
962,0.47532,1.0
963,0.47581,1.0
964,0.47631,1.0
965,0.4768,1.0
966,0.4773,1.0
967,0.47779,1.0
968,0.47828,1.0
969,0.47878,1.0
970,0.47927,1.0
971,0.47976,1.0
972,0.48026,1.0
973,0.48075,1.0
974,0.48124,1.0
975,0.48174,1.0
976,0.48223,1.0
977,0.48272,1.0
978,0.48322,1.0
979,0.48371,1.0
980,0.48421,1.0
981,0.4847,1.0
982,0.48519,1.0
983,0.48569,1.0
984,0.48618,1.0
985,0.48667,1.0
986,0.48717,1.0
987,0.48766,1.0
988,0.48815,1.0
989,0.48865,1.0
990,0.48914,1.0
991,0.48963,1.0
992,0.49013,1.0
993,0.49062,1.0
994,0.49112,1.0
995,0.49161,1.0
996,0.4921,1.0
997,0.4926,1.0
998,0.49309,1.0
999,0.49358,1.0
1000,0.49408,1.0
1001,0.49457,1.0
1002,0.49506,1.0
1003,0.49556,1.0
1004,0.49605,1.0
1005,0.49654,1.0
1006,0.49704,1.0
1007,0.49753,1.0
1008,0.49803,1.0
1009,0.49852,1.0
1010,0.49901,1.0
1011,0.49951,1.0
1012,0.5,1.0
1013,0.50049,1.0
1014,0.50099,1.0
1015,0.50148,1.0
1016,0.50197,1.0
1017,0.50247,1.0
1018,0.50296,1.0
1019,0.50346,1.0
1020,0.50395,1.0
1021,0.50444,1.0
1022,0.50494,1.0
1023,0.50543,1.0
1024,0.50592,1.0
1025,0.50642,1.0
1026,0.50691,1.0
1027,0.5074,1.0
1028,0.5079,1.0
1029,0.50839,1.0
1030,0.50888,1.0
1031,0.50938,1.0
1032,0.50987,1.0
1033,0.51037,1.0
1034,0.51086,1.0
1035,0.51135,1.0
1036,0.51185,1.0
1037,0.51234,1.0
1038,0.51283,1.0
1039,0.51333,1.0
1040,0.51382,1.0
1041,0.51431,1.0
1042,0.51481,1.0
1043,0.5153,1.0
1044,0.51579,1.0
1045,0.51629,1.0
1046,0.51678,1.0
1047,0.51728,1.0
1048,0.51777,1.0
1049,0.51826,1.0
1050,0.51876,1.0
1051,0.51925,1.0
1052,0.51974,1.0
1053,0.52024,1.0
1054,0.52073,1.0
1055,0.52122,1.0
1056,0.52172,1.0
1057,0.52221,1.0
1058,0.5227,1.0
1059,0.5232,1.0
1060,0.52369,1.0
1061,0.52419,1.0
1062,0.52468,1.0
1063,0.52517,1.0
1064,0.52567,1.0
1065,0.52616,1.0
1066,0.52665,1.0
1067,0.52715,1.0
1068,0.52764,1.0
1069,0.52813,1.0
1070,0.52863,1.0
1071,0.52912,1.0
1072,0.52962,1.0
1073,0.53011,1.0
1074,0.5306,1.0
1075,0.5311,1.0
1076,0.53159,1.0
1077,0.53208,1.0
1078,0.53258,1.0
1079,0.53307,1.0
1080,0.53356,1.0
1081,0.53406,1.0
1082,0.53455,1.0
1083,0.53504,1.0
1084,0.53554,1.0
1085,0.53603,1.0
1086,0.53653,1.0
1087,0.53702,1.0
1088,0.53751,1.0
1089,0.53801,1.0
1090,0.5385,1.0
1091,0.53899,1.0
1092,0.53949,1.0
1093,0.53998,1.0
1094,0.54047,1.0
1095,0.54097,1.0
1096,0.54146,1.0
1097,0.54195,1.0
1098,0.54245,1.0
1099,0.54294,1.0
1100,0.54344,1.0
1101,0.54393,1.0
1102,0.54442,1.0
1103,0.54492,1.0
1104,0.54541,1.0
1105,0.5459,1.0
1106,0.5464,1.0
1107,0.54689,1.0
1108,0.54738,1.0
1109,0.54788,1.0
1110,0.54837,1.0
1111,0.54886,1.0
1112,0.54936,1.0
1113,0.54985,1.0
1114,0.55035,1.0
1115,0.55084,1.0
1116,0.55133,1.0
1117,0.55183,1.0
1118,0.55232,1.0
1119,0.55281,1.0
1120,0.55331,1.0
1121,0.5538,1.0
1122,0.55429,1.0
1123,0.55479,1.0
1124,0.55528,1.0
1125,0.55577,1.0
1126,0.55627,1.0
1127,0.55676,1.0
1128,0.55726,1.0
1129,0.55775,1.0
1130,0.55824,1.0
1131,0.55874,1.0
1132,0.55923,1.0
1133,0.55972,1.0
1134,0.56022,1.0
1135,0.56071,1.0
1136,0.5612,1.0
1137,0.5617,1.0
1138,0.56219,1.0
1139,0.56269,1.0
1140,0.56318,1.0
1141,0.56367,1.0
1142,0.56417,1.0
1143,0.56466,1.0
1144,0.56515,1.0
1145,0.56565,1.0
1146,0.56614,1.0
1147,0.56663,1.0
1148,0.56713,1.0
1149,0.56762,1.0
1150,0.56811,1.0
1151,0.56861,1.0
1152,0.5691,1.0
1153,0.5696,1.0
1154,0.57009,1.0
1155,0.57058,1.0
1156,0.57108,1.0
1157,0.57157,1.0
1158,0.57206,1.0
1159,0.57256,1.0
1160,0.57305,1.0
1161,0.57354,1.0
1162,0.57404,1.0
1163,0.57453,1.0
1164,0.57502,1.0
1165,0.57552,1.0
1166,0.57601,1.0
1167,0.57651,1.0
1168,0.577,1.0
1169,0.57749,1.0
1170,0.57799,1.0
1171,0.57848,1.0
1172,0.57897,1.0
1173,0.57947,1.0
1174,0.57996,1.0
1175,0.58045,1.0
1176,0.58095,1.0
1177,0.58144,1.0
1178,0.58193,1.0
1179,0.58243,1.0
1180,0.58292,1.0
1181,0.58342,1.0
1182,0.58391,1.0
1183,0.5844,1.0
1184,0.5849,1.0
1185,0.58539,1.0
1186,0.58588,1.0
1187,0.58638,1.0
1188,0.58687,1.0
1189,0.58736,1.0
1190,0.58786,1.0
1191,0.58835,1.0
1192,0.58885,1.0
1193,0.58934,1.0
1194,0.58983,1.0
1195,0.59033,1.0
1196,0.59082,1.0
1197,0.59131,1.0
1198,0.59181,1.0
1199,0.5923,1.0
1200,0.59279,1.0
1201,0.59329,1.0
1202,0.59378,1.0
1203,0.59427,1.0
1204,0.59477,1.0
1205,0.59526,1.0
1206,0.59576,1.0
1207,0.59625,1.0
1208,0.59674,1.0
1209,0.59724,1.0
1210,0.59773,1.0
1211,0.59822,1.0
1212,0.59872,1.0
1213,0.59921,1.0
1214,0.5997,1.0
1215,0.6002,1.0
1216,0.60069,1.0
1217,0.60118,1.0
1218,0.60168,1.0
1219,0.60217,1.0
1220,0.60267,1.0
1221,0.60316,1.0
1222,0.60365,1.0
1223,0.60415,1.0
1224,0.60464,1.0
1225,0.60513,1.0
1226,0.60563,1.0
1227,0.60612,1.0
1228,0.60661,1.0
1229,0.60711,1.0
1230,0.6076,1.0
1231,0.60809,1.0
1232,0.60859,1.0
1233,0.60908,1.0
1234,0.60958,1.0
1235,0.61007,1.0
1236,0.61056,1.0
1237,0.61106,1.0
1238,0.61155,1.0
1239,0.61204,1.0
1240,0.61254,1.0
1241,0.61303,1.0
1242,0.61352,1.0
1243,0.61402,1.0
1244,0.61451,1.0
1245,0.615,1.0
1246,0.6155,1.0
1247,0.61599,1.0
1248,0.61649,1.0
1249,0.61698,1.0
1250,0.61747,1.0
1251,0.61797,1.0
1252,0.61846,1.0
1253,0.61895,1.0
1254,0.61945,1.0
1255,0.61994,1.0
1256,0.62043,1.0
1257,0.62093,1.0
1258,0.62142,1.0
1259,0.62192,1.0
1260,0.62241,1.0
1261,0.6229,1.0
1262,0.6234,1.0
1263,0.62389,1.0
1264,0.62438,1.0
1265,0.62488,1.0
1266,0.62537,1.0
1267,0.62586,1.0
1268,0.62636,1.0
1269,0.62685,1.0
1270,0.62734,1.0
1271,0.62784,1.0
1272,0.62833,1.0
1273,0.62883,1.0
1274,0.62932,1.0
1275,0.62981,1.0
1276,0.63031,1.0
1277,0.6308,1.0
1278,0.63129,1.0
1279,0.63179,1.0
1280,0.63228,1.0
1281,0.63277,1.0
1282,0.63327,1.0
1283,0.63376,1.0
1284,0.63425,1.0
1285,0.63475,1.0
1286,0.63524,1.0
1287,0.63574,1.0
1288,0.63623,1.0
1289,0.63672,1.0
1290,0.63722,1.0
1291,0.63771,1.0
1292,0.6382,1.0
1293,0.6387,1.0
1294,0.63919,1.0
1295,0.63968,1.0
1296,0.64018,1.0
1297,0.64067,1.0
1298,0.64116,1.0
1299,0.64166,1.0
1300,0.64215,1.0
1301,0.64265,1.0
1302,0.64314,1.0
1303,0.64363,1.0
1304,0.64413,1.0
1305,0.64462,1.0
1306,0.64511,1.0
1307,0.64561,1.0
1308,0.6461,1.0
1309,0.64659,1.0
1310,0.64709,1.0
1311,0.64758,1.0
1312,0.64808,1.0
1313,0.64857,1.0
1314,0.64906,1.0
1315,0.64956,1.0
1316,0.65005,1.0
1317,0.65054,1.0
1318,0.65104,1.0
1319,0.65153,1.0
1320,0.65202,1.0
1321,0.65252,1.0
1322,0.65301,1.0
1323,0.6535,1.0
1324,0.654,1.0
1325,0.65449,1.0
1326,0.65499,1.0
1327,0.65548,1.0
1328,0.65597,1.0
1329,0.65647,1.0
1330,0.65696,1.0
1331,0.65745,1.0
1332,0.65795,1.0
1333,0.65844,1.0
1334,0.65893,1.0
1335,0.65943,1.0
1336,0.65992,1.0
1337,0.66041,1.0
1338,0.66091,1.0
1339,0.6614,1.0
1340,0.6619,1.0
1341,0.66239,1.0
1342,0.66288,1.0
1343,0.66338,1.0
1344,0.66387,1.0
1345,0.66436,1.0
1346,0.66486,1.0
1347,0.66535,1.0
1348,0.66584,1.0
1349,0.66634,1.0
1350,0.66683,1.0
1351,0.66732,1.0
1352,0.66782,1.0
1353,0.66831,1.0
1354,0.66881,1.0
1355,0.6693,1.0
1356,0.66979,1.0
1357,0.67029,1.0
1358,0.67078,1.0
1359,0.67127,1.0
1360,0.67177,1.0
1361,0.67226,1.0
1362,0.67275,1.0
1363,0.67325,1.0
1364,0.67374,1.0
1365,0.67423,1.0
1366,0.67473,1.0
1367,0.67522,1.0
1368,0.67572,1.0
1369,0.67621,1.0
1370,0.6767,1.0
1371,0.6772,1.0
1372,0.67769,1.0
1373,0.67818,1.0
1374,0.67868,1.0
1375,0.67917,1.0
1376,0.67966,1.0
1377,0.68016,1.0
1378,0.68065,1.0
1379,0.68115,1.0
1380,0.68164,1.0
1381,0.68213,1.0
1382,0.68263,1.0
1383,0.68312,1.0
1384,0.68361,1.0
1385,0.68411,1.0
1386,0.6846,1.0
1387,0.68509,1.0
1388,0.68559,1.0
1389,0.68608,1.0
1390,0.68657,1.0
1391,0.68707,1.0
1392,0.68756,1.0
1393,0.68806,1.0
1394,0.68855,1.0
1395,0.68904,1.0
1396,0.68954,1.0
1397,0.69003,1.0
1398,0.69052,1.0
1399,0.69102,1.0
1400,0.69151,1.0
1401,0.692,1.0
1402,0.6925,1.0
1403,0.69299,1.0
1404,0.69348,1.0
1405,0.69398,1.0
1406,0.69447,1.0
1407,0.69497,1.0
1408,0.69546,1.0
1409,0.69595,1.0
1410,0.69645,1.0
1411,0.69694,1.0
1412,0.69743,1.0
1413,0.69793,1.0
1414,0.69842,1.0
1415,0.69891,1.0
1416,0.69941,1.0
1417,0.6999,1.0
1418,0.70039,1.0
1419,0.70089,1.0
1420,0.70138,1.0
1421,0.70188,1.0
1422,0.70237,1.0
1423,0.70286,1.0
1424,0.70336,1.0
1425,0.70385,1.0
1426,0.70434,1.0
1427,0.70484,1.0
1428,0.70533,1.0
1429,0.70582,1.0
1430,0.70632,1.0
1431,0.70681,1.0
1432,0.70731,1.0
1433,0.7078,1.0
1434,0.70829,1.0
1435,0.70879,1.0
1436,0.70928,1.0
1437,0.70977,1.0
1438,0.71027,1.0
1439,0.71076,1.0
1440,0.71125,1.0
1441,0.71175,1.0
1442,0.71224,1.0
1443,0.71273,1.0
1444,0.71323,1.0
1445,0.71372,1.0
1446,0.71422,1.0
1447,0.71471,1.0
1448,0.7152,1.0
1449,0.7157,1.0
1450,0.71619,1.0
1451,0.71668,1.0
1452,0.71718,1.0
1453,0.71767,1.0
1454,0.71816,1.0
1455,0.71866,1.0
1456,0.71915,1.0
1457,0.71964,1.0
1458,0.72014,1.0
1459,0.72063,1.0
1460,0.72113,1.0
1461,0.72162,1.0
1462,0.72211,1.0
1463,0.72261,1.0
1464,0.7231,1.0
1465,0.72359,1.0
1466,0.72409,1.0
1467,0.72458,1.0
1468,0.72507,1.0
1469,0.72557,1.0
1470,0.72606,1.0
1471,0.72655,1.0
1472,0.72705,1.0
1473,0.72754,1.0
1474,0.72804,1.0
1475,0.72853,1.0
1476,0.72902,1.0
1477,0.72952,1.0
1478,0.73001,1.0
1479,0.7305,1.0
1480,0.731,1.0
1481,0.73149,1.0
1482,0.73198,1.0
1483,0.73248,1.0
1484,0.73297,1.0
1485,0.73346,1.0
1486,0.73396,1.0
1487,0.73445,1.0
1488,0.73495,1.0
1489,0.73544,1.0
1490,0.73593,1.0
1491,0.73643,1.0
1492,0.73692,1.0
1493,0.73741,1.0
1494,0.73791,1.0
1495,0.7384,1.0
1496,0.73889,1.0
1497,0.73939,1.0
1498,0.73988,1.0
1499,0.74038,1.0
1500,0.74087,1.0
1501,0.74136,1.0
1502,0.74186,1.0
1503,0.74235,1.0
1504,0.74284,1.0
1505,0.74334,1.0
1506,0.74383,1.0
1507,0.74432,1.0
1508,0.74482,1.0
1509,0.74531,1.0
1510,0.7458,1.0
1511,0.7463,1.0
1512,0.74679,1.0
1513,0.74729,1.0
1514,0.74778,1.0
1515,0.74827,1.0
1516,0.74877,1.0
1517,0.74926,1.0
1518,0.74975,1.0
1519,0.75025,1.0
1520,0.75074,1.0
1521,0.75123,1.0
1522,0.75173,1.0
1523,0.75222,1.0
1524,0.75271,1.0
1525,0.75321,1.0
1526,0.7537,1.0
1527,0.7542,1.0
1528,0.75469,1.0
1529,0.75518,1.0
1530,0.75568,1.0
1531,0.75617,1.0
1532,0.75666,1.0
1533,0.75716,1.0
1534,0.75765,1.0
1535,0.75814,1.0
1536,0.75864,1.0
1537,0.75913,1.0
1538,0.75962,1.0
1539,0.76012,1.0
1540,0.76061,1.0
1541,0.76111,1.0
1542,0.7616,1.0
1543,0.76209,1.0
1544,0.76259,1.0
1545,0.76308,1.0
1546,0.76357,1.0
1547,0.76407,1.0
1548,0.76456,1.0
1549,0.76505,1.0
1550,0.76555,1.0
1551,0.76604,1.0
1552,0.76654,1.0
1553,0.76703,1.0
1554,0.76752,1.0
1555,0.76802,1.0
1556,0.76851,1.0
1557,0.769,1.0
1558,0.7695,1.0
1559,0.76999,1.0
1560,0.77048,1.0
1561,0.77098,1.0
1562,0.77147,1.0
1563,0.77196,1.0
1564,0.77246,1.0
1565,0.77295,1.0
1566,0.77345,1.0
1567,0.77394,1.0
1568,0.77443,1.0
1569,0.77493,1.0
1570,0.77542,1.0
1571,0.77591,1.0
1572,0.77641,1.0
1573,0.7769,1.0
1574,0.77739,1.0
1575,0.77789,1.0
1576,0.77838,1.0
1577,0.77887,1.0
1578,0.77937,1.0
1579,0.77986,1.0
1580,0.78036,1.0
1581,0.78085,1.0
1582,0.78134,1.0
1583,0.78184,1.0
1584,0.78233,1.0
1585,0.78282,1.0
1586,0.78332,1.0
1587,0.78381,1.0
1588,0.7843,1.0
1589,0.7848,1.0
1590,0.78529,1.0
1591,0.78578,1.0
1592,0.78628,1.0
1593,0.78677,1.0
1594,0.78727,1.0
1595,0.78776,1.0
1596,0.78825,1.0
1597,0.78875,1.0
1598,0.78924,1.0
1599,0.78973,1.0
1600,0.79023,1.0
1601,0.79072,1.0
1602,0.79121,1.0
1603,0.79171,1.0
1604,0.7922,1.0
1605,0.79269,1.0
1606,0.79319,1.0
1607,0.79368,1.0
1608,0.79418,1.0
1609,0.79467,1.0
1610,0.79516,1.0
1611,0.79566,1.0
1612,0.79615,1.0
1613,0.79664,1.0
1614,0.79714,1.0
1615,0.79763,1.0
1616,0.79812,1.0
1617,0.79862,1.0
1618,0.79911,1.0
1619,0.79961,1.0
1620,0.8001,1.0
1621,0.80059,1.0
1622,0.80109,1.0
1623,0.80158,1.0
1624,0.80207,1.0
1625,0.80257,1.0
1626,0.80306,1.0
1627,0.80355,1.0
1628,0.80405,1.0
1629,0.80454,1.0
1630,0.80503,1.0
1631,0.80553,1.0
1632,0.80602,1.0
1633,0.80652,1.0
1634,0.80701,1.0
1635,0.8075,1.0
1636,0.808,1.0
1637,0.80849,1.0
1638,0.80898,1.0
1639,0.80948,1.0
1640,0.80997,1.0
1641,0.81046,1.0
1642,0.81096,1.0
1643,0.81145,1.0
1644,0.81194,1.0
1645,0.81244,1.0
1646,0.81293,1.0
1647,0.81343,1.0
1648,0.81392,1.0
1649,0.81441,1.0
1650,0.81491,1.0
1651,0.8154,1.0
1652,0.81589,1.0
1653,0.81639,1.0
1654,0.81688,1.0
1655,0.81737,1.0
1656,0.81787,1.0
1657,0.81836,1.0
1658,0.81885,1.0
1659,0.81935,1.0
1660,0.81984,1.0
1661,0.82034,1.0
1662,0.82083,1.0
1663,0.82132,1.0
1664,0.82182,1.0
1665,0.82231,1.0
1666,0.8228,1.0
1667,0.8233,1.0
1668,0.82379,1.0
1669,0.82428,1.0
1670,0.82478,1.0
1671,0.82527,1.0
1672,0.82577,1.0
1673,0.82626,1.0
1674,0.82675,1.0
1675,0.82725,1.0
1676,0.82774,1.0
1677,0.82823,1.0
1678,0.82873,1.0
1679,0.82922,1.0
1680,0.82971,1.0
1681,0.83021,1.0
1682,0.8307,1.0
1683,0.83119,1.0
1684,0.83169,1.0
1685,0.83218,1.0
1686,0.83268,1.0
1687,0.83317,1.0
1688,0.83366,1.0
1689,0.83416,1.0
1690,0.83465,1.0
1691,0.83514,1.0
1692,0.83564,1.0
1693,0.83613,1.0
1694,0.83662,1.0
1695,0.83712,1.0
1696,0.83761,1.0
1697,0.8381,1.0
1698,0.8386,1.0
1699,0.83909,1.0
1700,0.83959,1.0
1701,0.84008,1.0
1702,0.84057,1.0
1703,0.84107,1.0
1704,0.84156,1.0
1705,0.84205,1.0
1706,0.84255,1.0
1707,0.84304,1.0
1708,0.84353,1.0
1709,0.84403,1.0
1710,0.84452,1.0
1711,0.84501,1.0
1712,0.84551,1.0
1713,0.846,1.0
1714,0.8465,1.0
1715,0.84699,1.0
1716,0.84748,1.0
1717,0.84798,1.0
1718,0.84847,1.0
1719,0.84896,1.0
1720,0.84946,1.0
1721,0.84995,1.0
1722,0.85044,1.0
1723,0.85094,1.0
1724,0.85143,1.0
1725,0.85192,1.0
1726,0.85242,1.0
1727,0.85291,1.0
1728,0.85341,1.0
1729,0.8539,1.0
1730,0.85439,1.0
1731,0.85489,1.0
1732,0.85538,1.0
1733,0.85587,1.0
1734,0.85637,1.0
1735,0.85686,1.0
1736,0.85735,1.0
1737,0.85785,1.0
1738,0.85834,1.0
1739,0.85884,1.0
1740,0.85933,1.0
1741,0.85982,1.0
1742,0.86032,1.0
1743,0.86081,1.0
1744,0.8613,1.0
1745,0.8618,1.0
1746,0.86229,1.0
1747,0.86278,1.0
1748,0.86328,1.0
1749,0.86377,1.0
1750,0.86426,1.0
1751,0.86476,1.0
1752,0.86525,1.0
1753,0.86575,1.0
1754,0.86624,1.0
1755,0.86673,1.0
1756,0.86723,1.0
1757,0.86772,1.0
1758,0.86821,1.0
1759,0.86871,1.0
1760,0.8692,1.0
1761,0.86969,1.0
1762,0.87019,1.0
1763,0.87068,1.0
1764,0.87117,1.0
1765,0.87167,1.0
1766,0.87216,1.0
1767,0.87266,1.0
1768,0.87315,1.0
1769,0.87364,1.0
1770,0.87414,1.0
1771,0.87463,1.0
1772,0.87512,1.0
1773,0.87562,1.0
1774,0.87611,1.0
1775,0.8766,1.0
1776,0.8771,1.0
1777,0.87759,1.0
1778,0.87808,1.0
1779,0.87858,1.0
1780,0.87907,1.0
1781,0.87957,1.0
1782,0.88006,1.0
1783,0.88055,1.0
1784,0.88105,1.0
1785,0.88154,1.0
1786,0.88203,1.0
1787,0.88253,1.0
1788,0.88302,1.0
1789,0.88351,1.0
1790,0.88401,1.0
1791,0.8845,1.0
1792,0.885,1.0
1793,0.88549,1.0
1794,0.88598,1.0
1795,0.88648,1.0
1796,0.88697,1.0
1797,0.88746,1.0
1798,0.88796,1.0
1799,0.88845,1.0
1800,0.88894,1.0
1801,0.88944,1.0
1802,0.88993,1.0
1803,0.89042,1.0
1804,0.89092,1.0
1805,0.89141,1.0
1806,0.89191,1.0
1807,0.8924,1.0
1808,0.89289,1.0
1809,0.89339,1.0
1810,0.89388,1.0
1811,0.89437,1.0
1812,0.89487,1.0
1813,0.89536,1.0
1814,0.89585,1.0
1815,0.89635,1.0
1816,0.89684,1.0
1817,0.89733,1.0
1818,0.89783,1.0
1819,0.89832,1.0
1820,0.89882,1.0
1821,0.89931,1.0
1822,0.8998,1.0
1823,0.9003,1.0
1824,0.90079,1.0
1825,0.90128,1.0
1826,0.90178,1.0
1827,0.90227,1.0
1828,0.90276,1.0
1829,0.90326,1.0
1830,0.90375,1.0
1831,0.90424,1.0
1832,0.90474,1.0
1833,0.90523,1.0
1834,0.90573,1.0
1835,0.90622,1.0
1836,0.90671,1.0
1837,0.90721,1.0
1838,0.9077,1.0
1839,0.90819,1.0
1840,0.90869,1.0
1841,0.90918,1.0
1842,0.90967,1.0
1843,0.91017,1.0
1844,0.91066,1.0
1845,0.91115,1.0
1846,0.91165,1.0
1847,0.91214,1.0
1848,0.91264,1.0
1849,0.91313,1.0
1850,0.91362,1.0
1851,0.91412,1.0
1852,0.91461,1.0
1853,0.9151,1.0
1854,0.9156,1.0
1855,0.91609,1.0
1856,0.91658,1.0
1857,0.91708,1.0
1858,0.91757,1.0
1859,0.91807,1.0
1860,0.91856,1.0
1861,0.91905,1.0
1862,0.91955,1.0
1863,0.92004,1.0
1864,0.92053,1.0
1865,0.92103,1.0
1866,0.92152,1.0
1867,0.92201,1.0
1868,0.92251,1.0
1869,0.923,1.0
1870,0.92349,1.0
1871,0.92399,1.0
1872,0.92448,1.0
1873,0.92498,1.0
1874,0.92547,1.0
1875,0.92596,1.0
1876,0.92646,1.0
1877,0.92695,1.0
1878,0.92744,1.0
1879,0.92794,1.0
1880,0.92843,1.0
1881,0.92892,1.0
1882,0.92942,1.0
1883,0.92991,1.0
1884,0.9304,1.0
1885,0.9309,1.0
1886,0.93139,1.0
1887,0.93189,1.0
1888,0.93238,1.0
1889,0.93287,1.0
1890,0.93337,1.0
1891,0.93386,1.0
1892,0.93435,1.0
1893,0.93485,1.0
1894,0.93534,1.0
1895,0.93583,1.0
1896,0.93633,1.0
1897,0.93682,1.0
1898,0.93731,1.0
1899,0.93781,1.0
1900,0.9383,1.0
1901,0.9388,1.0
1902,0.93929,1.0
1903,0.93978,1.0
1904,0.94028,1.0
1905,0.94077,1.0
1906,0.94126,1.0
1907,0.94176,1.0
1908,0.94225,1.0
1909,0.94274,1.0
1910,0.94324,1.0
1911,0.94373,1.0
1912,0.94423,1.0
1913,0.94472,1.0
1914,0.94521,1.0
1915,0.94571,1.0
1916,0.9462,1.0
1917,0.94669,1.0
1918,0.94719,1.0
1919,0.94768,1.0
1920,0.94817,1.0
1921,0.94867,1.0
1922,0.94916,1.0
1923,0.94965,1.0
1924,0.95015,1.0
1925,0.95064,1.0
1926,0.95114,1.0
1927,0.95163,1.0
1928,0.95212,1.0
1929,0.95262,1.0
1930,0.95311,1.0
1931,0.9536,1.0
1932,0.9541,1.0
1933,0.95459,1.0
1934,0.95508,1.0
1935,0.95558,1.0
1936,0.95607,1.0
1937,0.95656,1.0
1938,0.95706,1.0
1939,0.95755,1.0
1940,0.95805,1.0
1941,0.95854,1.0
1942,0.95903,1.0
1943,0.95953,1.0
1944,0.96002,1.0
1945,0.96051,1.0
1946,0.96101,1.0
1947,0.9615,1.0
1948,0.96199,1.0
1949,0.96249,1.0
1950,0.96298,1.0
1951,0.96347,1.0
1952,0.96397,1.0
1953,0.96446,1.0
1954,0.96496,1.0
1955,0.96545,1.0
1956,0.96594,1.0
1957,0.96644,1.0
1958,0.96693,1.0
1959,0.96742,1.0
1960,0.96792,1.0
1961,0.96841,1.0
1962,0.9689,1.0
1963,0.9694,1.0
1964,0.96989,1.0
1965,0.97038,1.0
1966,0.97088,1.0
1967,0.97137,1.0
1968,0.97187,1.0
1969,0.97236,1.0
1970,0.97285,1.0
1971,0.97335,1.0
1972,0.97384,1.0
1973,0.97433,1.0
1974,0.97483,1.0
1975,0.97532,1.0
1976,0.97581,1.0
1977,0.97631,1.0
1978,0.9768,1.0
1979,0.9773,1.0
1980,0.97779,1.0
1981,0.97828,1.0
1982,0.97878,1.0
1983,0.97927,1.0
1984,0.97976,1.0
1985,0.98026,1.0
1986,0.98075,1.0
1987,0.98124,1.0
1988,0.98174,1.0
1989,0.98223,1.0
1990,0.98272,1.0
1991,0.98322,1.0
1992,0.98371,1.0
1993,0.98421,1.0
1994,0.9847,1.0
1995,0.98519,1.0
1996,0.98569,1.0
1997,0.98618,1.0
1998,0.98667,1.0
1999,0.98717,1.0
2000,0.98766,1.0
2001,0.98815,1.0
2002,0.98865,1.0
2003,0.98914,1.0
2004,0.98963,1.0
2005,0.99013,1.0
2006,0.99062,1.0
2007,0.99112,1.0
2008,0.99161,1.0
2009,0.9921,1.0
2010,0.9926,1.0
2011,0.99309,1.0
2012,0.99358,1.0
2013,0.99408,1.0
2014,0.99457,1.0
2015,0.99506,1.0
2016,0.99556,1.0
2017,0.99605,1.0
2018,0.99654,1.0
2019,0.99704,1.0
2020,0.99753,1.0
2021,0.99803,1.0
2022,0.99852,1.0
2023,0.99901,1.0
2024,0.99951,1.0
2025,1.0,1.0
